CATEGORÍA,SUBCATEGORÍA,ESTÁ EN PRO???,TÍTULO / HIPERVÍNCULO,URL ANTIGUA,URL NUEVA,IDIOMA,AUTOR,TRADUCCIÓN,URL CONTENIDO  INGLÉS
SNIPPET,,,Cómo procesar un formulario mediante programación en Drupal 8,https://www.ladrupalera.com/drupal/snippet/formularios/como-procesar-un-formulario-mediante-programacion-en-drupal-8,https://www.ladrupalera.com/es/drupal/snippet/formularios/como-procesar-un-formulario-mediante-programacion-en-drupal-8,,,,
SNIPPET,,,Cómo habilitar la configuración de propiedades del nodo en view modes en Drupal 8,https://www.ladrupalera.com/drupal/snippet/rendimiento/como-habilitar-la-configuracion-de-propiedades-del-nodo-en-view-modes-en-drupal-8,https://www.ladrupalera.com/es/drupal/snippet/rendimiento/como-habilitar-la-configuracion-de-propiedades-del-nodo-en-view-modes-en-drupal-8,,,,
SNIPPET,,,"Uso de Drush para ver las entradas del watchdog como un ""tail""",https://www.ladrupalera.com/drupal/snippet/otros/uso-de-drush-para-ver-las-entradas-del-watchdog-como-un-tail,https://www.ladrupalera.com/es/drupal/snippet/otros/uso-de-drush-para-ver-las-entradas-del-watchdog-como-un-tail,,,,
SNIPPET,,,Cambia el tema de tu portal con drush,https://www.ladrupalera.com/drupal/snippet/otros/cambia-el-tema-de-tu-portal-con-drush,https://www.ladrupalera.com/es/drupal/snippet/otros/cambia-el-tema-de-tu-portal-con-drush,,,,
SNIPPET,,,Cómo aplicar un estilo de imagen programáticamente en Drupal,https://www.ladrupalera.com/drupal/snippet/otros/como-aplicar-un-estilo-de-imagen-programaticamente-en-drupal,https://www.ladrupalera.com/es/drupal/snippet/otros/como-aplicar-un-estilo-de-imagen-programaticamente-en-drupal,,,,
SNIPPET,,,Comprobación y creación de tabla,https://www.ladrupalera.com/drupal/snippet/otros/comprobacion-y-creacion-de-tabla,https://www.ladrupalera.com/es/drupal/snippet/otros/comprobacion-y-creacion-de-tabla,,,,
SNIPPET,,,Restablecer contraseña del usuario administrador con Drush en Drupal 7,https://www.ladrupalera.com/drupal/snippet/usuarios/restablecer-contrasena-del-usuario-administrador-con-drush-en-drupal-7,https://www.ladrupalera.com/es/drupal/snippet/usuarios/restablecer-contrasena-del-usuario-administrador-con-drush-en-drupal-7,,,,
SNIPPET,,,Alterar presentación (view mode) de una entidad en su visualización,https://www.ladrupalera.com/drupal/snippet/entidades/alterar-presentacion-view-mode-de-una-entidad-en-su-visualizacion,https://www.ladrupalera.com/es/drupal/snippet/entidades/alterar-presentacion-view-mode-de-una-entidad-en-su-visualizacion,,,,
SNIPPET,,,Eliminar redimensionado textareas,https://www.ladrupalera.com/drupal/snippet/fields/eliminar-redimensionado-textareas,https://www.ladrupalera.com/es/drupal/snippet/fields/eliminar-redimensionado-textareas,,,,
SNIPPET,,,Añadir presentación personalizada a una entidad (view mode),https://www.ladrupalera.com/drupal/snippet/entidades/anadir-presentacion-personalizada-una-entidad-view-mode,https://www.ladrupalera.com/es/drupal/snippet/entidades/anadir-presentacion-personalizada-una-entidad-view-mode,,,,
SNIPPET,,,Ocultar pestañas cuenta de usuario,https://www.ladrupalera.com/drupal/snippet/usuarios/ocultar-pestanas-cuenta-de-usuario,https://www.ladrupalera.com/es/drupal/snippet/usuarios/ocultar-pestanas-cuenta-de-usuario,,,,
SNIPPET,,,Habilitar / Deshabilitar interfaz de administración en rutas específicas,https://www.ladrupalera.com/drupal/snippet/otros/habilitar-deshabilitar-interfaz-de-administracion-en-rutas-especificas,https://www.ladrupalera.com/es/drupal/snippet/otros/habilitar-deshabilitar-interfaz-de-administracion-en-rutas-especificas,,,,
SNIPPET,,,Valores permitidos de un campo de tipo select,https://www.ladrupalera.com/drupal/snippet/fields/valores-permitidos-de-un-campo-de-tipo-select,https://www.ladrupalera.com/es/drupal/snippet/fields/valores-permitidos-de-un-campo-de-tipo-select,,,,
SNIPPET,,,Ocultar CKEditor,https://www.ladrupalera.com/drupal/snippet/formularios/ocultar-ckeditor,https://www.ladrupalera.com/es/drupal/snippet/formularios/ocultar-ckeditor,,,,
SNIPPET,,,Deshabilitar / Eliminar campos de formulario,https://www.ladrupalera.com/drupal/snippet/formularios/deshabilitar-eliminar-campos-de-formulario,https://www.ladrupalera.com/es/drupal/snippet/formularios/deshabilitar-eliminar-campos-de-formulario,,,,
SNIPPET,,,Creación de término de taxonomía en Drupal 8,https://www.ladrupalera.com/drupal/snippet/otros/creacion-de-termino-de-taxonomia-en-drupal-8,https://www.ladrupalera.com/es/drupal/snippet/otros/creacion-de-termino-de-taxonomia-en-drupal-8,,,,
SNIPPET,,,Habilitar contextos en un plugin de panel,https://www.ladrupalera.com/drupal/snippet/contextos/habilitar-contextos-en-un-plugin-de-panel,https://www.ladrupalera.com/es/drupal/snippet/contextos/habilitar-contextos-en-un-plugin-de-panel,,,,
SNIPPET,,,Obligatoriedad de campos,https://www.ladrupalera.com/drupal/snippet/formularios/obligatoriedad-de-campos,https://www.ladrupalera.com/es/drupal/snippet/formularios/obligatoriedad-de-campos,,,,
SNIPPET,,,Obtener ruta completa de un fichero,https://www.ladrupalera.com/drupal/snippet/ficheros/obtener-ruta-completa-de-un-fichero,https://www.ladrupalera.com/es/drupal/snippet/ficheros/obtener-ruta-completa-de-un-fichero,,,,
SNIPPET,,,Importación de datos desde un fichero CSV,https://www.ladrupalera.com/drupal/snippet/otros/importacion-de-datos-desde-un-fichero-csv,https://www.ladrupalera.com/es/drupal/snippet/otros/importacion-de-datos-desde-un-fichero-csv,,,,
SNIPPET,,,Solucionar error ‘Segmentation Fault’ al utilizar drush,https://www.ladrupalera.com/drupal/snippet/otros/solucionar-error-segmentation-fault-al-utilizar-drush,https://www.ladrupalera.com/es/drupal/snippet/otros/solucionar-error-segmentation-fault-al-utilizar-drush,,,,
SNIPPET,,,Parsear parámetros GET / POST a un array,https://www.ladrupalera.com/drupal/snippet/otros/parsear-parametros-get-post-un-array,https://www.ladrupalera.com/es/drupal/snippet/otros/parsear-parametros-get-post-un-array,,,,
SNIPPET,,,Mostrar errores durante el desarrollo,https://www.ladrupalera.com/drupal/snippet/otros/mostrar-errores-durante-el-desarrollo,https://www.ladrupalera.com/es/drupal/snippet/otros/mostrar-errores-durante-el-desarrollo,,,,
SNIPPET,,,Modificar peso de bloques en contexto,https://www.ladrupalera.com/drupal/snippet/contextos/modificar-peso-de-bloques-en-contexto,https://www.ladrupalera.com/es/drupal/snippet/contextos/modificar-peso-de-bloques-en-contexto,,,,
,,,,,,,,,
,,,,,,,,,
,,,,,,,,,
CONSULTORÍA,,,Los mejores libros y guías para aprender Drupal,https://www.ladrupalera.com/drupal/consultoria/tips/24-cosas-sobre-drupal-8-que-todo-cto-debe-saber-i,https://www.ladrupalera.com/es/drupal/consultoria/tips/24-cosas-sobre-drupal-8-que-todo-cto-debe-saber-i,,,,
CONSULTORÍA,,,7 razones por las que deberías usar Drupal 8,https://www.ladrupalera.com/drupal/consultoria/tips/los-mejores-libros-y-guias-para-aprender-drupal,https://www.ladrupalera.com/es/drupal/consultoria/tips/los-mejores-libros-y-guias-para-aprender-drupal,,,,
CONSULTORÍA,,,24 cosas sobre Drupal 8 que todo CTO debe saber (III),https://www.ladrupalera.com/drupal/consultoria/tips/7-razones-por-las-que-deberias-usar-drupal-8,https://www.ladrupalera.com/es/drupal/consultoria/tips/7-razones-por-las-que-deberias-usar-drupal-8,,,,
CONSULTORÍA,,,24 cosas sobre Drupal 8 que todo CTO debe saber (II),https://www.ladrupalera.com/drupal/consultoria/tips/24-cosas-sobre-drupal-8-que-todo-cto-debe-saber-iii,https://www.ladrupalera.com/es/drupal/consultoria/tips/24-cosas-sobre-drupal-8-que-todo-cto-debe-saber-iii,,,,
CONSULTORÍA,,,24 cosas sobre Drupal 8 que todo CTO debe saber (I),https://www.ladrupalera.com/drupal/consultoria/tips/24-cosas-sobre-drupal-8-que-todo-cto-debe-saber-ii,https://www.ladrupalera.com/es/drupal/consultoria/tips/24-cosas-sobre-drupal-8-que-todo-cto-debe-saber-ii,,,,
CONSULTORÍA,,,Cómo conseguir que tu blog Drupal sea todo un éxito,https://www.ladrupalera.com/drupal/consultoria/tips/como-conseguir-que-tu-blog-drupal-sea-todo-un-exito,https://www.ladrupalera.com/es/drupal/consultoria/tips/como-conseguir-que-tu-blog-drupal-sea-todo-un-exito,,,,
CONSULTORÍA,,,4 razones para enviar una newsletter desde tu portal Drupal,https://www.ladrupalera.com/drupal/consultoria/tips/4-razones-para-enviar-una-newsletter-desde-tu-portal-drupal,https://www.ladrupalera.com/es/drupal/consultoria/tips/4-razones-para-enviar-una-newsletter-desde-tu-portal-drupal,,,,
CONSULTORÍA,,,Todo lo que necesitas saber para iniciarte en Drupal,https://www.ladrupalera.com/drupal/consultoria/tips/todo-lo-que-necesitas-saber-para-iniciarte-en-drupal,https://www.ladrupalera.com/es/drupal/consultoria/tips/todo-lo-que-necesitas-saber-para-iniciarte-en-drupal,,,,
CONSULTORÍA,,,Herramientas Marketing Digital,https://www.ladrupalera.com/drupal/consultoria/seo/herramientas-marketing-digital,https://www.ladrupalera.com/es/drupal/consultoria/seo/herramientas-marketing-digital,,,,
CONSULTORÍA,,,Oferta de Empleo: Diseño de experiencia de usuario y de interfaz - UX / UI,https://www.ladrupalera.com/drupal/consultoria/ux-y-usabilidad/oferta-de-empleo-diseno-de-experiencia-de-usuario-y-de-interfaz-ux-ui,https://www.ladrupalera.com/es/drupal/consultoria/ux-y-usabilidad/oferta-de-empleo-diseno-de-experiencia-de-usuario-y-de-interfaz-ux-ui,,,,
CONSULTORÍA,,,Migrando de Drupal 6 a Drupal 7,https://www.ladrupalera.com/drupal/consultoria/gestion-de-proyecto/migrando-de-drupal-6-drupal-7,https://www.ladrupalera.com/es/drupal/consultoria/gestion-de-proyecto/migrando-de-drupal-6-drupal-7,,,,
,,,,,,,,,
,,,,,,,,,
,,,,,,,,,
DESARROLLO,,,Multisite con Domain Access,https://www.ladrupalera.com/drupal/desarrollo/drupal7/multisite-con-domain-access,https://www.ladrupalera.com/es/drupal/desarrollo/drupal7/multisite-con-domain-access,,,,
DESARROLLO,,,"Grunt, automatizando el trabajo repetitivo",https://www.ladrupalera.com/drupal/desarrollo/javascript/grunt-automatizando-el-trabajo-repetitivo,https://www.ladrupalera.com/es/drupal/desarrollo/javascript/grunt-automatizando-el-trabajo-repetitivo,,,,
DESARROLLO,,,CloudFront Edge Caching: nuestro módulo contribuido en la Comunidad,https://www.ladrupalera.com/drupal/desarrollo/modulos/cloudfront-edge-caching-nuestro-modulo-contribuido-en-la-comunidad,https://www.ladrupalera.com/es/drupal/desarrollo/modulos/cloudfront-edge-caching-nuestro-modulo-contribuido-en-la-comunidad,,,,
DESARROLLO,,,Cómo animar un gráfico en SVG,https://www.ladrupalera.com/drupal/desarrollo/css-html/como-animar-un-grafico-en-svg,https://www.ladrupalera.com/es/drupal/desarrollo/css-html/como-animar-un-grafico-en-svg,,,,
DESARROLLO,,,Descubre por qué el XML Sitemap de Drupal es tu módulo favorito,https://www.ladrupalera.com/drupal/desarrollo/modulos/descubre-por-que-el-xml-sitemap-de-drupal-es-tu-modulo-favorito,https://www.ladrupalera.com/es/drupal/desarrollo/modulos/descubre-por-que-el-xml-sitemap-de-drupal-es-tu-modulo-favorito,,,,
DESARROLLO,,,Creación de un filtro expuesto personalizado en Views,https://www.ladrupalera.com/drupal/desarrollo/views/creacion-de-un-filtro-expuesto-personalizado-en-views,https://www.ladrupalera.com/es/drupal/desarrollo/views/creacion-de-un-filtro-expuesto-personalizado-en-views,,,,
DESARROLLO,,,Cómo habilitar la configuración de propiedades del nodo en view modes en Drupal 8,https://www.ladrupalera.com/drupal/snippet/rendimiento/como-habilitar-la-configuracion-de-propiedades-del-nodo-en-view-modes-en-drupal-8,https://www.ladrupalera.com/es/drupal/snippet/rendimiento/como-habilitar-la-configuracion-de-propiedades-del-nodo-en-view-modes-en-drupal-8,,,,
DESARROLLO,,,Mejorando la calidad del software: PHP Mess Detector,https://www.ladrupalera.com/drupal/desarrollo/rendimiento/mejorando-la-calidad-del-software-php-mess-detector,https://www.ladrupalera.com/es/drupal/desarrollo/rendimiento/mejorando-la-calidad-del-software-php-mess-detector,,,,
DESARROLLO,,,Nuevos términos del servicio y políticas de desarrollo en YouTube API Services,https://www.ladrupalera.com/drupal/desarrollo/javascript/nuevos-terminos-del-servicio-y-politicas-de-desarrollo-en-youtube-api,https://www.ladrupalera.com/es/drupal/desarrollo/javascript/nuevos-terminos-del-servicio-y-politicas-de-desarrollo-en-youtube-api,,,,
DESARROLLO,,,Crear formato personalizado para un campo de tipo fecha,https://www.ladrupalera.com/drupal/desarrollo/modulos/crear-formato-personalizado-para-un-campo-de-tipo-fecha,https://www.ladrupalera.com/es/drupal/desarrollo/modulos/crear-formato-personalizado-para-un-campo-de-tipo-fecha,,,,
DESARROLLO,,,Bug del módulo Magic en Drupal 7.50,https://www.ladrupalera.com/drupal/desarrollo/drupal7/bug-del-modulo-magic-en-drupal-750,https://www.ladrupalera.com/es/drupal/desarrollo/drupal7/bug-del-modulo-magic-en-drupal-750,,,,
DESARROLLO,,,Integración de Jade en #Symfony,https://www.ladrupalera.com/drupal/desarrollo/symfony/integracion-de-jade-en-symfony,https://www.ladrupalera.com/es/drupal/desarrollo/symfony/integracion-de-jade-en-symfony,,,,
DESARROLLO,,,Manual para integrar animaciones con CSS,https://www.ladrupalera.com/drupal/desarrollo/css-html/manual-para-integrar-animaciones-con-css,https://www.ladrupalera.com/es/drupal/desarrollo/css-html/manual-para-integrar-animaciones-con-css,,,,
DESARROLLO,,,Manual sobre instalación y uso de drush release-patch para generación de paquetes entregables,https://www.ladrupalera.com/drupal/desarrollo/instalacion/manual-sobre-instalacion-y-uso-de-drush-release-patch-para-generacion,https://www.ladrupalera.com/es/drupal/desarrollo/instalacion/manual-sobre-instalacion-y-uso-de-drush-release-patch-para-generacion,,,,
DESARROLLO,,,Manual de integración de Grunt con Drupal,https://www.ladrupalera.com/drupal/desarrollo/javascript/manual-de-integracion-de-grunt-con-drupal,https://www.ladrupalera.com/es/drupal/desarrollo/javascript/manual-de-integracion-de-grunt-con-drupal,,,,
DESARROLLO,,,Reutilización masiva de campos con Field tools,https://www.ladrupalera.com/drupal/desarrollo/modulos/reutilizacion-masiva-de-campos-con-field-tools,https://www.ladrupalera.com/es/drupal/desarrollo/modulos/reutilizacion-masiva-de-campos-con-field-tools,,,,
DESARROLLO,,,6 módulos Drupal que harán que ahorres mucho tiempo,https://www.ladrupalera.com/drupal/desarrollo/modulos/6-modulos-drupal-que-haran-que-ahorres-mucho-tiempo,https://www.ladrupalera.com/es/drupal/desarrollo/modulos/6-modulos-drupal-que-haran-que-ahorres-mucho-tiempo,,,,
DESARROLLO,,,"Desplegando código con Jenkins, Phing, Coder y PHPUnit (Parte III)",https://www.ladrupalera.com/drupal/desarrollo/drupal8/desplegando-codigo-con-jenkins-phing-coder-y-phpunit-parte-iii,https://www.ladrupalera.com/es/drupal/desarrollo/drupal8/desplegando-codigo-con-jenkins-phing-coder-y-phpunit-parte-iii,,,,
DESARROLLO,,,"Desplegando código con Jenkins, Phing, Coder y PHPUnit (Parte II)",https://www.ladrupalera.com/drupal/desarrollo/drupal8/desplegando-codigo-con-jenkins-phing-coder-y-phpunit-parte-ii,https://www.ladrupalera.com/es/drupal/desarrollo/drupal8/desplegando-codigo-con-jenkins-phing-coder-y-phpunit-parte-ii,,,,
DESARROLLO,,,6 módulos Drupal imprescindibles para tu web,https://www.ladrupalera.com/drupal/desarrollo/modulos/6-modulos-drupal-imprescindibles-para-tu-web,https://www.ladrupalera.com/es/drupal/desarrollo/modulos/6-modulos-drupal-imprescindibles-para-tu-web,,,,
DESARROLLO,,,"Desplegando código con Jenkins, Phing, Coder y PHPUnit (Parte I)",https://www.ladrupalera.com/drupal/desarrollo/drupal8/desplegando-codigo-con-jenkins-phing-coder-y-phpunit-parte-i,https://www.ladrupalera.com/es/drupal/desarrollo/drupal8/desplegando-codigo-con-jenkins-phing-coder-y-phpunit-parte-i,,,,
DESARROLLO,,,Crear operación en masa personalizada,https://www.ladrupalera.com/drupal/desarrollo/views/crear-operacion-en-masa-personalizada,https://www.ladrupalera.com/es/drupal/desarrollo/views/crear-operacion-en-masa-personalizada,,,,
DESARROLLO,,,Resetear password del admin en Drupal 8,https://www.ladrupalera.com/drupal/desarrollo/drupal8/resetear-password-del-admin-en-drupal-8,https://www.ladrupalera.com/es/drupal/desarrollo/drupal8/resetear-password-del-admin-en-drupal-8,,,,
DESARROLLO,,,Crear un módulo en Drupal 8,https://www.ladrupalera.com/drupal/desarrollo/drupal8/crear-un-modulo-en-drupal-8,https://www.ladrupalera.com/es/drupal/desarrollo/drupal8/crear-un-modulo-en-drupal-8,,,,
DESARROLLO,,,Migrando nuestro perfil de instalación a Drupal 8,https://www.ladrupalera.com/drupal/desarrollo/distribuciones-y-profiles/migrando-nuestro-perfil-de-instalacion-drupal-8,https://www.ladrupalera.com/es/drupal/desarrollo/distribuciones-y-profiles/migrando-nuestro-perfil-de-instalacion-drupal-8,,,,
DESARROLLO,,,Twig: Cómo usar el motor de plantillas de Drupal 8 y Symfony2,https://www.ladrupalera.com/drupal/desarrollo/drupal8/twig-como-usar-el-motor-de-plantillas-de-drupal-8-y-symfony2,https://www.ladrupalera.com/es/drupal/desarrollo/drupal8/twig-como-usar-el-motor-de-plantillas-de-drupal-8-y-symfony2,,,,
DESARROLLO,,,Debug scripts Drupal con PhpStorm,https://www.ladrupalera.com/drupal/desarrollo/modulos/debug-scripts-drupal-con-phpstorm,https://www.ladrupalera.com/es/drupal/desarrollo/modulos/debug-scripts-drupal-con-phpstorm,,,,
DESARROLLO,,,Eventos ajax en elementos de página distintos de formulario,https://www.ladrupalera.com/drupal/desarrollo/drupal7/eventos-ajax-en-elementos-de-pagina-distintos-de-formulario,https://www.ladrupalera.com/es/drupal/desarrollo/drupal7/eventos-ajax-en-elementos-de-pagina-distintos-de-formulario,,,,
DESARROLLO,,,Integración Single Sign-On (SSO) para Drupal,https://www.ladrupalera.com/drupal/desarrollo/modulos/integracion-single-sign-sso-para-drupal,https://www.ladrupalera.com/es/drupal/desarrollo/modulos/integracion-single-sign-sso-para-drupal,,,,
DESARROLLO,,,Depuración remota con Xdebug de un proyecto PHP/Drupal,https://www.ladrupalera.com/drupal/desarrollo/instalacion/depuracion-remota-con-xdebug-de-un-proyecto-phpdrupal,https://www.ladrupalera.com/es/drupal/desarrollo/instalacion/depuracion-remota-con-xdebug-de-un-proyecto-phpdrupal,,,,
DESARROLLO,,,YAML: Ficheros de configuración en Drupal 8,https://www.ladrupalera.com/drupal/desarrollo/drupal8/yaml-ficheros-de-configuracion-en-drupal-8,https://www.ladrupalera.com/es/drupal/desarrollo/drupal8/yaml-ficheros-de-configuracion-en-drupal-8,,,,
DESARROLLO,,,Políticas de seguridad en Drupal,https://www.ladrupalera.com/drupal/desarrollo/seguridad/politicas-de-seguridad-en-drupal,https://www.ladrupalera.com/es/drupal/desarrollo/seguridad/politicas-de-seguridad-en-drupal,,,,
DESARROLLO,,,Arquitectura de Drupal 8 tras su integración con Symfony2,https://www.ladrupalera.com/drupal/desarrollo/drupal8/arquitectura-de-drupal-8-tras-su-integracion-con-symfony2,https://www.ladrupalera.com/es/drupal/desarrollo/drupal8/arquitectura-de-drupal-8-tras-su-integracion-con-symfony2,,,,
DESARROLLO,,,Debug en Javascript,https://www.ladrupalera.com/drupal/desarrollo/javascript/debug-en-javascript,https://www.ladrupalera.com/es/drupal/desarrollo/javascript/debug-en-javascript,,,,
DESARROLLO,,,Cómo usar una API de Google con autenticación a través de OAuth2,https://www.ladrupalera.com/drupal/desarrollo/javascript/como-usar-una-api-de-google-con-autenticacion-traves-de-oauth2,https://www.ladrupalera.com/es/drupal/desarrollo/javascript/como-usar-una-api-de-google-con-autenticacion-traves-de-oauth2,,,,
DESARROLLO,,,Render API en Drupal 7,https://www.ladrupalera.com/drupal/desarrollo/theme/render-api-en-drupal-7,https://www.ladrupalera.com/es/drupal/desarrollo/theme/render-api-en-drupal-7,,,,
DESARROLLO,,,Publicación de tweets a la vez que se crea contenido en Drupal,https://www.ladrupalera.com/drupal/desarrollo/drupal7/publicacion-de-tweets-la-vez-que-se-crea-contenido-en-drupal,https://www.ladrupalera.com/es/drupal/desarrollo/drupal7/publicacion-de-tweets-la-vez-que-se-crea-contenido-en-drupal,,,,
DESARROLLO,,,CSS Transitions,https://www.ladrupalera.com/drupal/desarrollo/css-html/css-transitions,https://www.ladrupalera.com/es/drupal/desarrollo/css-html/css-transitions,,,,
DESARROLLO,,,¿Todavía no conoces Sass?,https://www.ladrupalera.com/drupal/desarrollo/css-html/todavia-no-conoces-sass,https://www.ladrupalera.com/es/drupal/desarrollo/css-html/todavia-no-conoces-sass,,,,
DESARROLLO,,,Tutorial sobre Masonry,https://www.ladrupalera.com/drupal/desarrollo/javascript/tutorial-sobre-masonry,https://www.ladrupalera.com/es/drupal/desarrollo/javascript/tutorial-sobre-masonry,,,,
DESARROLLO,,,Portando módulo tablesort de D7 a D8,https://www.ladrupalera.com/drupal/desarrollo/drupal8/portando-modulo-tablesort-de-d7-d8,https://www.ladrupalera.com/es/drupal/desarrollo/drupal8/portando-modulo-tablesort-de-d7-d8,,,,
DESARROLLO,,,Pasar del diseño al desarrollo al instante,https://www.ladrupalera.com/drupal/desarrollo/diseno-visual/pasar-del-diseno-al-desarrollo-al-instante,https://www.ladrupalera.com/es/drupal/desarrollo/diseno-visual/pasar-del-diseno-al-desarrollo-al-instante,,,,
DESARROLLO,,,Creación de un triángulo en Sass,https://www.ladrupalera.com/drupal/desarrollo/css-html/creacion-de-un-triangulo-en-sass,https://www.ladrupalera.com/es/drupal/desarrollo/css-html/creacion-de-un-triangulo-en-sass,,,,
DESARROLLO,,,Implementa hook_forms() en tu proyecto!,https://www.ladrupalera.com/drupal/desarrollo/drupal7/implementa-hookforms-en-tu-proyecto,https://www.ladrupalera.com/es/drupal/desarrollo/drupal7/implementa-hookforms-en-tu-proyecto,,,,
DESARROLLO,,,Coffeescript: Javascript con esteroides,https://www.ladrupalera.com/drupal/desarrollo/javascript/coffeescript-javascript-con-esteroides,https://www.ladrupalera.com/es/drupal/desarrollo/javascript/coffeescript-javascript-con-esteroides,,,,
DESARROLLO,,,Iniciándonos en grids con Susy 2,https://www.ladrupalera.com/drupal/desarrollo/css-html/iniciandonos-en-grids-con-susy-2,https://www.ladrupalera.com/es/drupal/desarrollo/css-html/iniciandonos-en-grids-con-susy-2,,,,
DESARROLLO,,,"RVM, Gemas y Drupal",https://www.ladrupalera.com/drupal/desarrollo/instalacion/rvm-gemas-y-drupal,https://www.ladrupalera.com/es/drupal/desarrollo/instalacion/rvm-gemas-y-drupal,,,,
DESARROLLO,,,Modales con CTools Auto-modal,https://www.ladrupalera.com/drupal/desarrollo/modulos/modales-con-ctools-auto-modal,https://www.ladrupalera.com/es/drupal/desarrollo/modulos/modales-con-ctools-auto-modal,,,,
DESARROLLO,,,RESTfull API en Drupal con Services,https://www.ladrupalera.com/drupal/desarrollo/drupal7/restfull-api-en-drupal-con-services,https://www.ladrupalera.com/es/drupal/desarrollo/drupal7/restfull-api-en-drupal-con-services,,,,
DESARROLLO,,,"Placeholder vs Mixins, o como no repetirse",https://www.ladrupalera.com/drupal/desarrollo/css-html/placeholder-vs-mixins-o-como-no-repetirse,https://www.ladrupalera.com/es/drupal/desarrollo/css-html/placeholder-vs-mixins-o-como-no-repetirse,,,,
,,,,,,,,,
,,,,,,,,,
,,,,,,,,,
COMUNIDAD DRUPAL,,,"La Drupalera, finalista de los premios Innovation Talks 8x8",https://www.ladrupalera.com/drupal/comunidad-drupal/noticias/la-drupalera-finalista-de-los-premios-innovation-talks-8x8,https://www.ladrupalera.com/es/drupal/comunidad-drupal/noticias/la-drupalera-finalista-de-los-premios-innovation-talks-8x8,,,,
COMUNIDAD DRUPAL,,,Asistimos a deSymfony 2017 en Castellón,https://www.ladrupalera.com/drupal/comunidad-drupal/noticias/resumen-desymfony-2017,https://www.ladrupalera.com/es/drupal/comunidad-drupal/noticias/resumen-desymfony-2017,,,,
COMUNIDAD DRUPAL,,,La Drupalera te trae los eventos Drupal más refrescantes del verano,https://www.ladrupalera.com/drupal/comunidad-drupal/noticias/la-drupalera-te-trae-los-eventos-drupal-mas-refrescantes-del-verano,https://www.ladrupalera.com/es/drupal/comunidad-drupal/noticias/la-drupalera-te-trae-los-eventos-drupal-mas-refrescantes-del-verano,,,,
COMUNIDAD DRUPAL,,,9 + 1 cuentas de Twitter imprescindibles que todo drupalero debe seguir,https://www.ladrupalera.com/drupal/comunidad-drupal/recursos/cuentas-de-twitter-imprescindibles-para-drupaleros,https://www.ladrupalera.com/es/drupal/comunidad-drupal/recursos/cuentas-de-twitter-imprescindibles-para-drupaleros,,,,
COMUNIDAD DRUPAL,,,"La Drupalera, presente en los European Drupal Business Days",https://www.ladrupalera.com/drupal/comunidad-drupal/la-drupalera-presente-en-los-european-drupal-business-days,https://www.ladrupalera.com/es/drupal/comunidad-drupal/la-drupalera-presente-en-los-european-drupal-business-days,,,,
COMUNIDAD DRUPAL,,,Hablamos de Drupal 8 y SEO en la DrupalCamp 2017,https://www.ladrupalera.com/drupal/comunidad-drupal/drupalcamp/hablamos-de-drupal-8-y-seo-en-la-drupalcamp-2017,https://www.ladrupalera.com/es/drupal/comunidad-drupal/drupalcamp/hablamos-de-drupal-8-y-seo-en-la-drupalcamp-2017,,,,
COMUNIDAD DRUPAL,,,La Drupalera dará dos charlas en la Drupalcamp 2017,https://www.ladrupalera.com/drupal/comunidad-drupal/drupalcamp/la-drupalera-dara-dos-charlas-en-la-drupalcamp-2017,https://www.ladrupalera.com/es/drupal/comunidad-drupal/drupalcamp/la-drupalera-dara-dos-charlas-en-la-drupalcamp-2017,,,,
COMUNIDAD DRUPAL,,,Acudimos a los Drupal Developer Days 2015 en Montpellier,https://www.ladrupalera.com/drupal/comunidad-drupal/drupaldevdays/acudimos-los-drupal-developer-days-2015-en-montpellier,https://www.ladrupalera.com/es/drupal/comunidad-drupal/drupaldevdays/acudimos-los-drupal-developer-days-2015-en-montpellier,,,,
COMUNIDAD DRUPAL,,,Todos los eventos Drupal del mes de abril,https://www.ladrupalera.com/drupal/comunidad-drupal/noticias/todos-los-eventos-drupal-del-mes-de-abril,https://www.ladrupalera.com/es/drupal/comunidad-drupal/noticias/todos-los-eventos-drupal-del-mes-de-abril,,,,
COMUNIDAD DRUPAL,,,"La Drupalera, nominada a los Open Awards 2017",https://www.ladrupalera.com/drupal/comunidad-drupal/noticias/la-drupalera-nominada-los-open-awards-2017,https://www.ladrupalera.com/es/drupal/comunidad-drupal/noticias/la-drupalera-nominada-los-open-awards-2017,,,,
COMUNIDAD DRUPAL,,,Nuestras Sesiones y Workshops en los Drupal Dev Days,https://www.ladrupalera.com/drupal/comunidad-drupal/noticias/nuestras-sesiones-y-workshops-en-los-drupal-dev-days,https://www.ladrupalera.com/es/drupal/comunidad-drupal/noticias/nuestras-sesiones-y-workshops-en-los-drupal-dev-days,,,,
COMUNIDAD DRUPAL,,,Todos los eventos Drupal de marzo,https://www.ladrupalera.com/drupal/comunidad-drupal/noticias/todos-los-eventos-drupal-de-marzo,https://www.ladrupalera.com/es/drupal/comunidad-drupal/noticias/todos-los-eventos-drupal-de-marzo,,,,
COMUNIDAD DRUPAL,,,Descubre todos los eventos Drupal de febrero,https://www.ladrupalera.com/drupal/comunidad-drupal/noticias/descubre-todos-los-eventos-drupal-de-febrero,https://www.ladrupalera.com/es/drupal/comunidad-drupal/noticias/descubre-todos-los-eventos-drupal-de-febrero,,,,
COMUNIDAD DRUPAL,,,Los primeros Drupal Developer Days andaluces serán en Sevilla,https://www.ladrupalera.com/drupal/comunidad-drupal/drupaldevdays/los-primeros-drupal-developer-days-andaluces-seran-en-sevilla,https://www.ladrupalera.com/es/drupal/comunidad-drupal/drupaldevdays/los-primeros-drupal-developer-days-andaluces-seran-en-sevilla,,,,
COMUNIDAD DRUPAL,,,"2016, el mejor año de La Drupalera",https://www.ladrupalera.com/drupal/comunidad-drupal/noticias/2016-el-mejor-ano-de-la-drupalera,https://www.ladrupalera.com/es/drupal/comunidad-drupal/noticias/2016-el-mejor-ano-de-la-drupalera,,,,
COMUNIDAD DRUPAL,,,Los mejores posts y snippets de La Drupalera en 2016,https://www.ladrupalera.com/drupal/comunidad-drupal/noticias/los-mejores-posts-y-snippets-de-la-drupalera-en-2016,https://www.ladrupalera.com/es/drupal/comunidad-drupal/noticias/los-mejores-posts-y-snippets-de-la-drupalera-en-2016,,,,
COMUNIDAD DRUPAL,,,Bellido nos habla sobre ‘Writing testable Code Drupal 8’ en #DrupalSevilla,https://www.ladrupalera.com/drupal/comunidad-drupal/noticias/bellido-nos-habla-sobre-writing-testable-code-drupal-8-en,https://www.ladrupalera.com/es/drupal/comunidad-drupal/noticias/bellido-nos-habla-sobre-writing-testable-code-drupal-8-en,,,,
COMUNIDAD DRUPAL,,,"#Symfony, #PHPUnit y TDD, en el #PHPSevilla",https://www.ladrupalera.com/drupal/comunidad-drupal/noticias/symfony-phpunit-y-tdd-en-el-phpsevilla-0,https://www.ladrupalera.com/es/drupal/comunidad-drupal/noticias/symfony-phpunit-y-tdd-en-el-phpsevilla-0,,,,
COMUNIDAD DRUPAL,,,"#Symfony, #PHPUnit y TDD, en el #PHPSevilla",https://www.ladrupalera.com/drupal/comunidad-drupal/noticias/symfony-phpunit-y-tdd-en-el-phpsevilla,https://www.ladrupalera.com/es/drupal/comunidad-drupal/noticias/symfony-phpunit-y-tdd-en-el-phpsevilla,,,,
COMUNIDAD DRUPAL,,,"Drupal Summer Academy, difundiendo Drupal en Sevilla",https://www.ladrupalera.com/drupal/comunidad-drupal/noticias/drupal-summer-academy-difundiendo-drupal-en-sevilla,https://www.ladrupalera.com/es/drupal/comunidad-drupal/noticias/drupal-summer-academy-difundiendo-drupal-en-sevilla,,,,
COMUNIDAD DRUPAL,,,"Noviembre, mes repleto de eventos #Drupal",https://www.ladrupalera.com/drupal/comunidad-drupal/noticias/noviembre-mes-repleto-de-eventos-drupal,https://www.ladrupalera.com/es/drupal/comunidad-drupal/noticias/noviembre-mes-repleto-de-eventos-drupal,,,,
COMUNIDAD DRUPAL,,,Hablamos del proyecto Drupal Procomún y QA en #PHPSevilla,https://www.ladrupalera.com/drupal/comunidad-drupal/noticias/hablamos-del-proyecto-drupal-procomun-y-qa-en-phpsevilla,https://www.ladrupalera.com/es/drupal/comunidad-drupal/noticias/hablamos-del-proyecto-drupal-procomun-y-qa-en-phpsevilla,,,,
COMUNIDAD DRUPAL,,,Hablamos de #SEO en #DrupalSevilla,https://www.ladrupalera.com/drupal/comunidad-drupal/noticias/hablamos-de-seo-en-drupalsevilla,https://www.ladrupalera.com/es/drupal/comunidad-drupal/noticias/hablamos-de-seo-en-drupalsevilla,,,,
COMUNIDAD DRUPAL,,,Cómo vivimos el Drupal Summer Barcelona en La Drupalera,https://www.ladrupalera.com/drupal/comunidad-drupal/noticias/como-vivimos-el-drupal-summer-barcelona-en-la-drupalera,https://www.ladrupalera.com/es/drupal/comunidad-drupal/noticias/como-vivimos-el-drupal-summer-barcelona-en-la-drupalera,,,,
COMUNIDAD DRUPAL,,,"Todos los eventos Drupal de junio, julio y agosto",https://www.ladrupalera.com/drupal/comunidad-drupal/noticias/todos-los-eventos-drupal-de-junio-julio-y-agosto,https://www.ladrupalera.com/es/drupal/comunidad-drupal/noticias/todos-los-eventos-drupal-de-junio-julio-y-agosto,,,,
COMUNIDAD DRUPAL,,,La Drupalera te lleva al Drupal Summer Barcelona,https://www.ladrupalera.com/drupal/comunidad-drupal/noticias/la-drupalera-te-lleva-al-drupal-summer-barcelona,https://www.ladrupalera.com/es/drupal/comunidad-drupal/noticias/la-drupalera-te-lleva-al-drupal-summer-barcelona,,,,
COMUNIDAD DRUPAL,,,Estaremos en el Drupal Summer Barcelona hablando sobre QA en proyectos Drupal,https://www.ladrupalera.com/drupal/comunidad-drupal/noticias/estaremos-en-el-drupal-summer-barcelona-hablando-sobre-qa-en-proyectos-drupal,https://www.ladrupalera.com/es/drupal/comunidad-drupal/noticias/estaremos-en-el-drupal-summer-barcelona-hablando-sobre-qa-en-proyectos-drupal,,,,
COMUNIDAD DRUPAL,,,#DrupalSevilla: Las empresas hablan de sus casos de éxito con Drupal,https://www.ladrupalera.com/drupal/comunidad-drupal/noticias/drupalsevilla-las-empresas-hablan-de-sus-casos-de-exito-con-drupal,https://www.ladrupalera.com/es/drupal/comunidad-drupal/noticias/drupalsevilla-las-empresas-hablan-de-sus-casos-de-exito-con-drupal,,,,
COMUNIDAD DRUPAL,,,Mi primera DrupalCamp,https://www.ladrupalera.com/drupal/comunidad-drupal/drupalcamp/mi-primera-drupalcamp,https://www.ladrupalera.com/es/drupal/comunidad-drupal/drupalcamp/mi-primera-drupalcamp,,,,
COMUNIDAD DRUPAL,,,"#DrupalCampES: Contribuir mola pero, ¿por dónde empiezo?",https://www.ladrupalera.com/drupal/comunidad-drupal/drupalcamp/drupalcampes-contribuir-mola-pero-por-donde-empiezo,https://www.ladrupalera.com/es/drupal/comunidad-drupal/drupalcamp/drupalcampes-contribuir-mola-pero-por-donde-empiezo,,,,
COMUNIDAD DRUPAL,,,#DrupalCampES: Cómo sacarle partido a tu página con el Marketing de contenidos,https://www.ladrupalera.com/drupal/comunidad-drupal/drupalcamp/drupalcampes-como-sacarle-partido-tu-pagina-con-el-marketing-de,https://www.ladrupalera.com/es/drupal/comunidad-drupal/drupalcamp/drupalcampes-como-sacarle-partido-tu-pagina-con-el-marketing-de,,,,
COMUNIDAD DRUPAL,,,#DrupalCampES: Bienvenidos a esta nuestra comunidad,https://www.ladrupalera.com/drupal/comunidad-drupal/drupalcamp/drupalcampes-bienvenidos-esta-nuestra-comunidad,https://www.ladrupalera.com/es/drupal/comunidad-drupal/drupalcamp/drupalcampes-bienvenidos-esta-nuestra-comunidad,,,,
COMUNIDAD DRUPAL,,,9 consejos para sacar el máximo partido a la DrupalCamp Spain 2016,https://www.ladrupalera.com/drupal/comunidad-drupal/drupalcamp/9-consejos-para-sacar-el-maximo-partido-la-drupalcamp-spain-2016,https://www.ladrupalera.com/es/drupal/comunidad-drupal/drupalcamp/9-consejos-para-sacar-el-maximo-partido-la-drupalcamp-spain-2016,,,,
COMUNIDAD DRUPAL,,,DeSymfony 2016: el resumen completo por J.A. Dorado,https://www.ladrupalera.com/drupal/comunidad-drupal/noticias/desymfony-2016-el-resumen-completo-por-ja-dorado,https://www.ladrupalera.com/es/drupal/comunidad-drupal/noticias/desymfony-2016-el-resumen-completo-por-ja-dorado,,,,
COMUNIDAD DRUPAL,,,Da Vinci - Drupal 8,https://www.ladrupalera.com/drupal/comunidad-drupal/recursos/da-vinci-drupal-8,https://www.ladrupalera.com/es/drupal/comunidad-drupal/recursos/da-vinci-drupal-8,,,,
COMUNIDAD DRUPAL,,,La llegada de Drupal 8,https://www.ladrupalera.com/drupal/comunidad-drupal/noticias/la-llegada-de-drupal-8,https://www.ladrupalera.com/es/drupal/comunidad-drupal/noticias/la-llegada-de-drupal-8,,,,
COMUNIDAD DRUPAL,,,Estuvimos presentes en la DrupalCon Barcelona 2015,https://www.ladrupalera.com/drupal/comunidad-drupal/drupalcon/estuvimos-presentes-en-la-drupalcon-barcelona-2015,https://www.ladrupalera.com/es/drupal/comunidad-drupal/drupalcon/estuvimos-presentes-en-la-drupalcon-barcelona-2015,,,,
COMUNIDAD DRUPAL,,,DrupalCamp Spain 2015,https://www.ladrupalera.com/drupal/comunidad-drupal/drupalcamp/drupalcamp-spain-2015,https://www.ladrupalera.com/es/drupal/comunidad-drupal/drupalcamp/drupalcamp-spain-2015,,,,
COMUNIDAD DRUPAL,,,"2015, año de formación en Drupal y participación en los Global Training Days",https://www.ladrupalera.com/drupal/comunidad-drupal/talleres/2015-ano-de-formacion-en-drupal-y-participacion-en-los-global,https://www.ladrupalera.com/es/drupal/comunidad-drupal/talleres/2015-ano-de-formacion-en-drupal-y-participacion-en-los-global,,,,
COMUNIDAD DRUPAL,,,Introducción a Drupal: Formación presencial gratis en Sevilla,https://www.ladrupalera.com/drupal/comunidad-drupal/talleres/introduccion-drupal-formacion-presencial-gratis-en-sevilla,https://www.ladrupalera.com/es/drupal/comunidad-drupal/talleres/introduccion-drupal-formacion-presencial-gratis-en-sevilla,,,,
COMUNIDAD DRUPAL,,,Creación de una aplicación de Twitter para publicar contenido,https://www.ladrupalera.com/drupal/comunidad-drupal/recursos/creacion-de-una-aplicacion-de-twitter-para-publicar-contenido,https://www.ladrupalera.com/es/drupal/comunidad-drupal/recursos/creacion-de-una-aplicacion-de-twitter-para-publicar-contenido,,,,
COMUNIDAD DRUPAL,,,Global Sprint Weekend 2015,https://www.ladrupalera.com/drupal/comunidad-drupal/noticias/global-sprint-weekend-2015,https://www.ladrupalera.com/es/drupal/comunidad-drupal/noticias/global-sprint-weekend-2015,,,,
COMUNIDAD DRUPAL,,,Drupal Day Bilbao 2014,https://www.ladrupalera.com/drupal/comunidad-drupal/drupalday/drupal-day-bilbao-2014,https://www.ladrupalera.com/es/drupal/comunidad-drupal/drupalday/drupal-day-bilbao-2014,,,,
COMUNIDAD DRUPAL,,,¡Ganamos los premios Innovation Talks!,https://www.ladrupalera.com/drupal/comunidad-drupal/noticias/la-drupalera-gana-los-premios-innovation-talks-2017,https://www.ladrupalera.com/es/drupal/comunidad-drupal/noticias/la-drupalera-gana-los-premios-innovation-talks-2017,,,,
,,,,,,,,,
MENÚ PRINCIPAL,,,HOME,https://www.ladrupalera.com/,https://www.ladrupalera.com/es,,,,
MENÚ PRINCIPAL,,,PROYECTOS,https://www.ladrupalera.com/proyectos-drupal,https://www.ladrupalera.com/es/proyectos-drupal,,,,
MENÚ PRINCIPAL,,,COMUNIDAD,https://www.ladrupalera.com/comunidad-drupal,https://www.ladrupalera.com/es/comunidad-drupal,,,,
MENÚ PRINCIPAL,,,SERVICIOS,https://www.ladrupalera.com/consultoria-desarrollo-drupal,https://www.ladrupalera.com/es/consultoria-desarrollo-drupal,,,,
MENÚ PRINCIPAL,,,NOSOTROS,https://www.ladrupalera.com/nosotros,https://www.ladrupalera.com/es/nosotros,,,,
MENÚ PRINCIPAL,,,CONTACTO,https://www.ladrupalera.com/contacto,https://www.ladrupalera.com/es/contacto,,,,
MENÚ PRINCIPAL,,,BLOG,https://www.ladrupalera.com/drupal,https://www.ladrupalera.com/es/drupal,,,,
,,,,,,,,,
CATEGORÍA CONSULTORÍA,,,CONSULTORÍA,https://www.ladrupalera.com/drupal/consultoria,https://www.ladrupalera.com/es/drupal/consultoria,,,,
CATEGORÍA DESARROLLO,,,DESARROLLO,https://www.ladrupalera.com/drupal/desarrollo,https://www.ladrupalera.com/es/drupal/desarrollo,,,,
CATEGORÍA SNIPPET,,,SNIPPET,https://www.ladrupalera.com/drupal/snippet,https://www.ladrupalera.com/es/drupal/snippet,,,,
CATEGORÍA COMUNIDAD DRUPAL,,,COMUNIDAD DRUPAL,https://www.ladrupalera.com/drupal/comunidad-drupal,https://www.ladrupalera.com/es/drupal/comunidad-drupal,,,,
,,,,,,,,,
,,,,,,,,,
,,,,,,,,,